{"cameraMode":{"drawMode":0,"name":"Shaded","section":"Shading Mode"},"sceneLighting":true,"audioPlay":false,"sceneViewState":{"showFog":true,"showMaterialUpdate":false,"showSkybox":true,"showFlares":true,"showImageEffects":true,"showParticleSystems":true},"in2DMode":false,"pivot":{"x":-2.231428623199463,"y":1.0983741283416749,"z":5.447149276733398},"rotation":{"x":-0.022064412012696267,"y":0.772874653339386,"z":-0.02691437490284443,"w":-0.6336036324501038},"size":10.0,"orthographic":false}